L_elbow,R_elbow,L_shoulder,R_shoulder,L_knee,R_knee,L_hip,R_hip,11_x,11_y,12_x,12_y,13_x,13_y,14_x,14_y,15_x,15_y,16_x,16_y,17_x,17_y,18_x,18_y,19_x,19_y,20_x,20_y,21_x,21_y,22_x,22_y,23_x,23_y,24_x,24_y,25_x,25_y,26_x,26_y,27_x,27_y,28_x,28_y,29_x,29_y,30_x,30_y,31_x,31_y,32_x,32_y,original_frame
155.79333333333332,153.48999999999998,37.443333333333335,110.33333333333333,150.31,93.32000000000001,134.52666666666667,90.0,0.7084176143010458,0.555010974407196,0.61106938123703,0.5363178451855978,0.7490727305412292,0.6058285037676493,0.5346888303756714,0.5319510499636332,0.761354128519694,0.6534762978553772,0.4780462682247162,0.5559588074684143,0.771460751692454,0.668341338634491,0.4709619383017222,0.565185546875,0.7550002733866373,0.6700831453005472,0.4789157410462697,0.5670934716860453,0.7472293774286906,0.6651033957799276,0.48232447107632953,0.5647647182146708,0.7105374932289124,0.6549698909123739,0.645685076713562,0.6491580009460449,0.7787906328837076,0.7193121910095215,0.5470006863276163,0.679427981376648,0.9002939065297445,0.7487574418385824,0.5653045376141866,0.7543187340100607,0.9271189371744791,0.7529279788335165,0.5853002071380615,0.768716832002004,0.8706356485684713,0.7810958425203959,0.5058767000834147,0.7735239664713541,21.0
155.76,156.23,37.6175,111.3025,150.2525,93.51,134.54250000000002,90.0775,0.7081110030412674,0.5549871921539307,0.6110887825489044,0.5363006293773651,0.7489666044712067,0.6057496964931488,0.5355975925922394,0.530766099691391,0.7613333761692047,0.6532686501741409,0.4748621731996536,0.5514933466911316,0.7714784294366837,0.6682379990816116,0.46598319709300995,0.5594694912433624,0.7551514208316803,0.6700256764888763,0.47194747626781464,0.5612246096134186,0.7474497407674789,0.6649874746799469,0.4757426008582115,0.559250071644783,0.7102178782224655,0.654778853058815,0.645732507109642,0.649091437458992,0.7786451280117035,0.7193369716405869,0.5470101535320282,0.679557129740715,0.8998412191867828,0.7486277222633362,0.5651980340480804,0.7545038014650345,0.9268714934587479,0.7528704404830933,0.5851065516471863,0.7687798291444778,0.8711308687925339,0.780947133898735,0.5057132989168167,0.7737916558980942,21.5
155.578,158.118,37.708000000000006,112.17999999999999,149.99,93.88,134.85399999999998,90.286,0.7076610565185547,0.554958724975586,0.6112578988075257,0.5363052964210511,0.748850965499878,0.6056937336921692,0.5372582316398621,0.5297617435455322,0.7612507700920105,0.6531411647796631,0.47290551066398623,0.5478591918945312,0.771424412727356,0.6681583523750305,0.46244947910308837,0.5549679160118103,0.7552303433418274,0.6699699401855469,0.4671846628189087,0.5565633773803711,0.7475765228271485,0.664886200428009,0.4714071750640869,0.5549602627754211,0.7100225329399109,0.6545073032379151,0.6457632899284362,0.6489579319953919,0.7785577178001404,0.7195373415946961,0.5472173094749451,0.6796759843826294,0.8996379256248475,0.7485739946365356,0.5651299357414246,0.7546686291694641,0.9267578005790711,0.7528368711471558,0.5849895477294922,0.768872082233429,0.8717150688171387,0.7807597994804383,0.5055659294128418,0.7740862846374512,22.0
155.46599999999998,162.29399999999998,37.696000000000005,113.9,149.63600000000002,94.352,135.376,90.47,0.7068828105926513,0.5548544764518738,0.6114956617355347,0.536241066455841,0.7485032916069031,0.6056121706962585,0.5393048286437988,0.5277047634124756,0.7609927654266357,0.6528362154960632,0.46904109716415404,0.5399988532066345,0.7712489604949951,0.6679799556732178,0.4556269943714142,0.5452837228775025,0.7553904414176941,0.6698880791664124,0.45731924176216127,0.5466754555702209,0.7478598833084107,0.6647366881370544,0.4624774158000946,0.5458139181137085,0.7097406148910522,0.6541225910186768,0.6460182309150696,0.6488052845001221,0.7783515691757202,0.719753873348236,0.5474539160728454,0.6799137711524963,0.8992629289627075,0.7484711050987244,0.5650115489959717,0.7549594402313232,0.9267021179199219,0.7527465224266052,0.5847702622413635,0.7690266609191895,0.8729125380516052,0.7804503083229065,0.5052252054214478,0.7746187090873718,23.0
155.43200000000002,166.154,37.578,115.50999999999999,149.264,94.928,136.004,90.86800000000001,0.7061228275299072,0.5549099922180176,0.6116726279258728,0.536113953590393,0.7480870246887207,0.605634891986847,0.5411859393119812,0.5256779670715332,0.7607093453407288,0.6526404738426208,0.46528545022010803,0.5320760369300842,0.771012258529663,0.6678039908409119,0.44895527362823484,0.5359520673751831,0.7553939461708069,0.6697814583778381,0.4484672904014587,0.5371748924255371,0.7479559183120728,0.6645967960357666,0.45466697216033936,0.536931824684143,0.7096033811569213,0.6537238836288453,0.6460383653640747,0.6485784530639649,0.7782871961593628,0.7200201272964477,0.5477263569831848,0.6802499294281006,0.89907146692276,0.7484559297561646,0.5649332642555237,0.7551850318908692,0.9267597675323487,0.7527259349822998,0.5846261858940125,0.7692042350769043,0.873768401145935,0.7802427411079407,0.5050516486167907,0.7749526619911193,24.0
155.348,168.27799999999996,37.424,116.998,148.916,95.552,136.57199999999997,91.264,0.7055114865303039,0.5551381826400756,0.6118433594703674,0.5360259890556336,0.747738265991211,0.605907940864563,0.5431050658226013,0.5238846063613891,0.7603484869003296,0.65264493227005,0.4630553960800171,0.5259253144264221,0.7704840779304505,0.6677262544631958,0.44459564089775083,0.5288737893104554,0.7551955223083496,0.6697286128997803,0.443450003862381,0.5301479578018189,0.7478928089141845,0.6645447969436645,0.4504006266593933,0.5302357912063599,0.7094978570938111,0.6533547282218933,0.6460588097572326,0.6483442544937134,0.7781819462776184,0.7202536344528199,0.5480581760406494,0.6805742502212524,0.8991387009620666,0.7485321044921875,0.5648592352867127,0.7554017305374146,0.9268788456916809,0.7527464866638184,0.5844378590583801,0.7693458318710327,0.8744876265525818,0.7801655173301697,0.5049362778663635,0.7753280520439148,25.0
155.31,169.99200000000002,37.104,118.38,148.49,96.106,137.298,91.624,0.7049883365631103,0.5553234934806823,0.6120111227035523,0.5358052849769592,0.7474070191383362,0.6061887979507447,0.5445649147033691,0.5221144318580627,0.7599734187126159,0.6526424646377563,0.4621998071670532,0.5198370099067688,0.7699033737182617,0.6676055788993835,0.44204957485198976,0.5219789385795593,0.7549317240715027,0.6696397066116333,0.4405908226966858,0.5229551792144775,0.7477432131767273,0.6645041346549988,0.4483614921569824,0.5233648657798767,0.7096333622932434,0.6530320525169373,0.6461410880088806,0.6481337785720825,0.7781280636787414,0.7205145239830018,0.5483728766441345,0.6808958888053894,0.8993037462234497,0.7486307144165039,0.5648198246955871,0.755570900440216,0.9271123051643372,0.752816379070282,0.5843366503715515,0.7695651769638061,0.8750299930572509,0.7800771474838257,0.5047693610191345,0.7756619095802307,26.0
155.51799999999997,171.28000000000003,36.672,119.63,148.25,96.42999999999999,137.836,91.854,0.7047341465950012,0.5555732727050782,0.6120334267616272,0.5355668187141418,0.7471277832984924,0.6066227078437805,0.5453284382820129,0.5205306529998779,0.7596555471420288,0.6526438951492309,0.46146645545959475,0.5145676016807557,0.7692798137664795,0.6675124764442444,0.4400252103805542,0.5158717632293701,0.7546505331993103,0.669573438167572,0.4382933616638184,0.516498601436615,0.7475883960723877,0.6644962430000305,0.44673873782157897,0.5171736478805542,0.7098923563957215,0.6528643369674683,0.6462089657783509,0.6480022072792053,0.7781068086624146,0.7206020355224609,0.5484894752502442,0.681196641921997,0.8994009733200073,0.7487127423286438,0.5647842764854432,0.7557230114936828,0.9273426532745361,0.752914547920227,0.5842743515968323,0.7697863698005676,0.8752788424491882,0.7800972580909729,0.5046092987060546,0.7759291648864746,27.0
155.596,172.382,36.358,120.898,147.988,96.702,138.32,92.04400000000001,0.7045525312423706,0.5558125138282776,0.6120336174964904,0.5352972269058227,0.7469626784324646,0.6069856405258178,0.5459447264671325,0.5188346028327941,0.7594108343124389,0.6526448726654053,0.46130560636520385,0.5092934489250183,0.7686911940574646,0.6674280285835266,0.4390375316143036,0.5092489540576934,0.7543783783912659,0.6695224165916442,0.4373830795288086,0.5093567728996277,0.7474359393119812,0.6644980788230896,0.44632722735404967,0.5102813065052032,0.7101284384727478,0.6527256488800048,0.6462337017059326,0.6478994965553284,0.7780731797218323,0.7207295179367066,0.5485686779022216,0.6814133882522583,0.8993187189102173,0.7487501740455628,0.5647276401519775,0.7559038758277893,0.9273520469665527,0.7530912160873413,0.5842127919197082,0.7700536489486695,0.8752097725868225,0.7800983548164367,0.5043675541877747,0.7762159585952759,28.0
155.51399999999998,172.95200000000003,36.184,121.9,147.834,96.964,138.566,92.232,0.7044822812080384,0.5560859560966491,0.6120659232139587,0.535070824623108,0.7469249963760376,0.6074019193649292,0.5463910222053527,0.5174021124839783,0.7591466665267944,0.6526694655418396,0.4613677799701691,0.5053843498229981,0.7680502653121948,0.6674099802970886,0.43898335099220276,0.5041949212551117,0.7540578603744507,0.669498085975647,0.4374850749969482,0.5037598967552185,0.7472403168678283,0.6645058870315552,0.4465205490589142,0.5049039602279664,0.7102389454841613,0.652687156200409,0.6461852312088012,0.6478278160095214,0.7780117273330689,0.7208269834518433,0.5486124157905579,0.6815582156181336,0.899277663230896,0.7487972378730774,0.564593493938446,0.7560558319091797,0.9273559808731079,0.7532797694206238,0.5839707612991333,0.7702700853347778,0.8751512289047241,0.7801664471626282,0.504129695892334,0.7764430165290832,29.0
155.486,173.794,36.208,123.018,147.82,97.19,138.52799999999996,92.536,0.7044223785400391,0.556256377696991,0.6120969891548157,0.5347753763198853,0.74688720703125,0.6076256275177002,0.5467732191085816,0.5156384468078613,0.7590091824531555,0.6526604890823364,0.46194987893104555,0.5005126297473907,0.7677111625671387,0.667432963848114,0.4391398668289185,0.4974043250083923,0.7539305329322815,0.6695138931274414,0.43784359097480774,0.4963971018791199,0.7471686959266662,0.6645063757896423,0.44704946875572205,0.49805098176002505,0.7101009011268615,0.6526683926582336,0.6459894061088562,0.6477625966072083,0.7779729247093201,0.720914101600647,0.5485039949417114,0.681780481338501,0.8991499185562134,0.7488386750221252,0.5643948078155517,0.7562276482582092,0.9271656990051269,0.7534862279891967,0.5837992310523987,0.770534610748291,0.8749804139137268,0.7802417159080506,0.5037179827690125,0.7766399383544922,30.0
155.446,174.286,36.208,123.846,147.85600000000002,97.398,138.43,92.80199999999999,0.7043629288673401,0.556459641456604,0.612136161327362,0.5345431923866272,0.7468404531478882,0.607959532737732,0.5469693064689636,0.5142181754112244,0.758805763721466,0.6527355790138245,0.4626048743724823,0.4969494938850403,0.7672391772270203,0.6675939917564392,0.43970317840576173,0.49241991639137267,0.7535820603370667,0.6696554183959961,0.43858193755149844,0.4910474956035614,0.746915090084076,0.664592707157135,0.4477615714073181,0.49313493371009826,0.7099294543266297,0.6527584671974183,0.6457549214363099,0.6477443695068359,0.7778628587722778,0.7209824800491333,0.5483968257904053,0.681925094127655,0.8987582564353943,0.7488460898399353,0.5641556978225708,0.7563944458961487,0.9266397714614868,0.7536074638366699,0.5836493849754334,0.7707216143608093,0.8747314572334289,0.7803628802299499,0.5032855153083802,0.776766037940979,31.0
155.27999999999997,175.146,36.318,124.78,147.88799999999998,97.636,138.26,93.092,0.7042999148368836,0.5566283345222474,0.6121333479881287,0.5341897368431091,0.74678955078125,0.6081933498382568,0.546717357635498,0.5124066829681396,0.7585892915725708,0.6529600024223328,0.4633848965167999,0.4923556447029114,0.7667657852172851,0.6680102109909057,0.4403051853179932,0.4861739337444305,0.753095805644989,0.6700245618820191,0.43944584727287295,0.48448182344436647,0.7465484738349915,0.6648664116859436,0.44846266508102417,0.48713197112083434,0.7096328616142273,0.6528579711914062,0.6454954266548156,0.6477390885353088,0.7775977611541748,0.7210348010063171,0.548276174068451,0.6821067452430725,0.8982756733894348,0.748846459388733,0.5638788104057312,0.7565702438354492,0.9259719491004944,0.7537019610404968,0.5834092617034912,0.7708546638488769,0.8744852304458618,0.780631136894226,0.5028530836105347,0.7768627405166626,32.0
155.142,175.84199999999998,36.414,125.63000000000002,148.004,97.884,138.028,93.382,0.7041978716850281,0.5567757606506347,0.6120699167251586,0.5338712573051453,0.7466929316520691,0.6084281086921692,0.5463618874549866,0.5106728553771973,0.7583437204360962,0.6532085537910461,0.4641899704933167,0.48828794360160827,0.7663602828979492,0.6684478282928467,0.44101149439811704,0.4811102092266083,0.7525833368301391,0.6704317927360535,0.44022555351257325,0.47893041372299194,0.7461036920547486,0.6651646018028259,0.4491178810596466,0.4820045232772827,0.7092990756034852,0.6530721187591553,0.6451724290847778,0.6477708101272583,0.7772746682167053,0.7210412383079529,0.54809650182724,0.6823208928108215,0.8978031635284424,0.7488684296607971,0.5635242462158203,0.7567684531211853,0.925305712223053,0.7538007736206055,0.5830606579780578,0.7710415840148925,0.874165678024292,0.7808975338935852,0.5022235751152039,0.7770254015922546,33.0
154.778,176.738,36.622,126.67,148.214,98.16,137.616,93.64200000000001,0.7040441751480102,0.5568717241287231,0.6117429614067078,0.5335501551628112,0.7465624213218689,0.6086088657379151,0.5458626031875611,0.5087517738342285,0.7579219937324524,0.6535463213920594,0.4655358254909515,0.48374449610710146,0.7657985091209412,0.6690053224563599,0.4427722990512848,0.4758456289768219,0.7519257307052613,0.6709445595741272,0.44173393249511717,0.473128741979599,0.7454861521720886,0.6655563592910767,0.45054240226745607,0.47643510699272157,0.7087444424629211,0.6532726168632508,0.6446616649627686,0.6478392362594605,0.7769075036048889,0.7210207939147949,0.5478716135025025,0.6825183153152465,0.8973393201828003,0.7489109396934509,0.5630854487419128,0.7569536089897155,0.9245211958885193,0.753899896144867,0.5827915787696838,0.7711922883987427,0.8733970284461975,0.7811247110366821,0.50153089761734,0.7772179841995239,34.0
154.51799999999997,177.538,36.796,127.604,148.498,98.648,137.094,93.922,0.7038963079452515,0.5569485306739808,0.6113110899925231,0.5333113551139832,0.7463441491127014,0.6088409543037414,0.5453479409217834,0.5070356607437134,0.7574149012565613,0.6539319515228271,0.46717076897621157,0.4798834979534149,0.7651658296585083,0.6695612788200378,0.4454818367958069,0.4717759072780609,0.751204788684845,0.6714723944664002,0.4440159261226654,0.4685773551464081,0.7447981119155884,0.6659912824630737,0.45265636444091795,0.47196027636528015,0.7080894827842712,0.6535015821456909,0.6439789891242981,0.6479257225990296,0.7765114545822144,0.7209854006767273,0.5477047681808471,0.682646632194519,0.8968790411949158,0.7490076065063477,0.5624480247497559,0.7572329640388489,0.9238054275512695,0.7540343999862671,0.5824621796607972,0.7712780833244324,0.8725701808929444,0.7814201474189758,0.5008489906787872,0.7774538993835449,35.0
154.406,178.41199999999998,37.082,128.45,148.85399999999998,99.146,136.426,94.37,0.7037301540374756,0.5569936633110046,0.6107951879501343,0.5330138444900513,0.7460835099220275,0.6089946985244751,0.5449218511581421,0.5052916765213012,0.7570054769515991,0.6542636156082153,0.4696299433708191,0.47613525390625,0.7648154735565186,0.6700298309326171,0.4494480550289154,0.467743718624115,0.7507233500480652,0.6719608664512634,0.4476724863052368,0.46421624422073365,0.7443025350570679,0.6664116740226745,0.4559072256088257,0.46767799854278563,0.7072389841079711,0.6536694049835206,0.642978835105896,0.647996437549591,0.7760785222053528,0.7209444284439087,0.5474167466163635,0.6827893614768982,0.8965755224227905,0.749208641052246,0.5617581486701966,0.7575520753860474,0.9232970952987671,0.754233455657959,0.5820672035217285,0.7714513659477233,0.8717843532562256,0.781877601146698,0.5002734005451203,0.7777154207229614,36.0
154.536,178.898,37.308,128.956,149.202,99.612,135.762,94.902,0.7035767555236816,0.557204806804657,0.6102958559989929,0.5328437447547912,0.7457557797431946,0.6093726992607117,0.544574499130249,0.5040361642837524,0.756593132019043,0.6545533061027526,0.4723886728286743,0.47342697978019715,0.7645238280296326,0.6704120755195617,0.4538893222808838,0.46504998207092285,0.750337028503418,0.6724518656730651,0.4518592119216919,0.4613254129886627,0.7438924789428711,0.6668679594993592,0.4597575068473816,0.4646428465843201,0.7063618302345276,0.6538328528404236,0.6417819261550903,0.6480562448501587,0.7755521178245545,0.720900559425354,0.5470385789871216,0.6828853130340576,0.896257734298706,0.7494638562202454,0.5610262989997864,0.7578238844871521,0.9228164076805114,0.7544420838356019,0.5816667437553406,0.7716301918029785,0.8710036158561707,0.782225513458252,0.49974229335784914,0.7779718041419983,37.0
154.952,179.21800000000002,37.536,129.702,149.504,100.116,134.958,95.59200000000001,0.703532087802887,0.5574680447578431,0.6098386287689209,0.5327087640762329,0.74548419713974,0.6100860476493836,0.5454771399497986,0.5029578328132629,0.7562998771667481,0.6550846695899963,0.4762865900993347,0.4714345812797546,0.7641208529472351,0.6709938406944275,0.4590959072113037,0.4628445148468018,0.7499368548393249,0.6730970978736878,0.4570245862007141,0.45916213393211364,0.7435592532157898,0.6675220370292664,0.4645849406719208,0.4625289082527161,0.7052799224853515,0.6537962317466736,0.640421462059021,0.647981584072113,0.7749134421348571,0.7208507537841797,0.5466177463531494,0.6829490661621094,0.8957922697067261,0.7497058510780334,0.5603061437606811,0.758048665523529,0.922166621685028,0.7545738339424133,0.5812451004981994,0.7717422485351563,0.8703467726707459,0.7826061964035034,0.4995015740394592,0.7781361818313599,38.0
155.756,179.48,37.556,130.208,149.69,100.426,134.39,96.28200000000001,0.7035130262374878,0.557738995552063,0.609619414806366,0.5324579358100892,0.7452062129974365,0.610934579372406,0.5467205762863159,0.502103042602539,0.7562265038490296,0.6556462407112121,0.47983279824256897,0.46962336301803587,0.7639308094978332,0.6715575695037842,0.4634506404399872,0.4605263829231262,0.7496746063232422,0.6737784266471862,0.4616365611553192,0.4571182131767273,0.7433956265449524,0.6682393193244934,0.46882826685905454,0.46065727472305296,0.7044274210929871,0.6537295937538147,0.6392374634742737,0.6478665709495545,0.7742649912834167,0.7208083868026733,0.5460976839065552,0.6830085754394531,0.8952296495437622,0.7499299764633178,0.5597044706344605,0.7582744717597961,0.9216366171836853,0.754688823223114,0.580863606929779,0.7719243168830872,0.8700305700302124,0.7830998182296753,0.49935302734375,0.7782757401466369,39.0
156.44,179.404,37.432,131.202,149.782,100.44399999999999,134.18,96.95,0.7033022046089172,0.5579615235328674,0.6098442792892456,0.5322275042533875,0.744872260093689,0.6116879463195801,0.5494442939758301,0.5011846482753753,0.7561025500297547,0.6561537742614746,0.4844781160354614,0.4675527334213257,0.7637551188468933,0.672049343585968,0.46827185750007627,0.457972514629364,0.749403464794159,0.674411416053772,0.4667583703994751,0.45484742522239685,0.7431622385978699,0.6689000010490418,0.4738226652145386,0.45859089493751526,0.7038180828094482,0.6536166310310364,0.6383796453475952,0.6477094531059265,0.7736819744110107,0.7207817912101746,0.545491898059845,0.6830427885055542,0.8947920203208923,0.7502034544944763,0.5592943429946899,0.7583718538284302,0.9212717533111572,0.7548415780067443,0.5805199980735779,0.7720987677574158,0.8697052836418152,0.7835615634918213,0.4993570387363434,0.7783486723899842,40.0
157.086,179.03000000000003,37.378,132.39,149.91799999999998,100.336,133.872,97.5,0.7031099438667298,0.5581723332405091,0.6103050708770752,0.5321515321731567,0.7445693373680115,0.6123704791069031,0.5526559114456177,0.5004216313362122,0.7560284495353699,0.6566616535186768,0.4889685094356537,0.465689092874527,0.7634976863861084,0.6725695848464965,0.47272233963012694,0.455483615398407,0.7491536498069763,0.6750377178192138,0.47145491242408755,0.4526101052761078,0.7429634094238281,0.669543194770813,0.4785877466201782,0.45658510327339175,0.7031806826591491,0.6535285472869873,0.6378107309341431,0.6475797772407532,0.7731937289237976,0.7207366466522217,0.544922125339508,0.6830495238304138,0.89442058801651,0.7503965020179748,0.5589749217033386,0.7583920240402222,0.9208814144134522,0.7549438595771789,0.5801611304283142,0.7722809553146363,0.8694287300109863,0.783872127532959,0.49927508234977724,0.7783921599388123,41.0
157.64000000000001,178.836,37.388000000000005,133.95,150.178,100.214,133.45,98.01400000000001,0.7028575778007508,0.5582014322280884,0.6108596086502075,0.532103979587555,0.744223415851593,0.612766695022583,0.5564892292022705,0.49961587190628054,0.7559299349784852,0.6570483326911927,0.49419039487838745,0.46372670531272886,0.7632938504219056,0.6728765368461609,0.47786529660224913,0.4529755890369415,0.7489500522613526,0.6754201054573059,0.4767023265361786,0.4502792119979858,0.7427724480628968,0.669955563545227,0.4839310944080353,0.4544931769371033,0.7024875521659851,0.6534352898597717,0.6373866200447083,0.6474632382392883,0.7729162216186524,0.7206700205802917,0.5444263339042663,0.6830729961395263,0.894186532497406,0.750571858882904,0.5587292790412903,0.7584226489067077,0.9206637620925904,0.755129337310791,0.5798605561256409,0.7724634408950806,0.868981659412384,0.7842654585838318,0.49918707013130187,0.7784034967422485,42.0
157.818,178.31799999999998,37.71,135.302,150.496,99.986,133.046,98.398,0.7024648308753967,0.5580213904380799,0.6114750146865845,0.532097601890564,0.7438559532165527,0.6123469233512878,0.5596958637237549,0.49895361065864563,0.7558321714401245,0.6566505312919617,0.49891796708106995,0.4621894180774689,0.7632786989212036,0.6725476264953614,0.4829988956451416,0.45118567943572996,0.7488279223442078,0.6751482486724854,0.48189849853515626,0.44861906170845034,0.7426055073738098,0.669654655456543,0.48912657499313356,0.452925568819046,0.7017882823944092,0.6534156322479248,0.637130618095398,0.6474549293518066,0.7726979970932006,0.7205879926681519,0.5439532637596131,0.6830976128578186,0.8940130829811096,0.7507219791412354,0.5585252046585083,0.7584238886833191,0.9205684185028076,0.7552910804748535,0.5796473145484924,0.7726074814796448,0.8685561656951905,0.7847317337989808,0.4990781545639038,0.7784142017364502,43.0
157.892,177.77,38.078,136.95,150.868,99.862,132.59,98.822,0.7020992040634155,0.5578698992729187,0.6121695399284363,0.5321812510490418,0.7435075044631958,0.6118830919265748,0.5631804823875427,0.49817497134208677,0.7556837201118469,0.6561785340309143,0.5043909907341003,0.46064266562461853,0.7632191896438598,0.6721775531768799,0.4886412382125854,0.4495297193527222,0.7486682891845703,0.6747933745384216,0.48758413195610045,0.4470379829406738,0.7424080729484558,0.669233238697052,0.49502447843551634,0.4513622999191284,0.7010940313339233,0.6533982992172241,0.6368950724601745,0.6474541425704956,0.7725786805152893,0.7205059647560119,0.5436221957206726,0.6831220984458923,0.8939093351364136,0.750896942615509,0.5583478927612304,0.7584212064743042,0.9204844474792481,0.7555026531219482,0.5794173240661621,0.7727257013320923,0.8681785821914673,0.7850485205650329,0.4988872051239014,0.7784088134765625,44.0
157.974,177.27399999999997,38.522000000000006,138.12199999999999,151.212,99.706,132.04999999999998,99.15,0.7019112229347229,0.5577430009841919,0.6126581907272339,0.5322449445724488,0.7432898759841919,0.6113934993743897,0.5654355168342591,0.4975317656993866,0.7556808710098266,0.655715036392212,0.5083763182163239,0.45962496995925906,0.7632104992866516,0.6718067049980163,0.49288457036018374,0.44851879477500917,0.7486315846443177,0.6744195103645325,0.4919242262840271,0.446067076921463,0.7424037337303162,0.6688108682632447,0.49949452877044676,0.45030307173728945,0.700443434715271,0.6534130930900574,0.6366355776786804,0.647516417503357,0.7724670171737671,0.7204086542129516,0.5433305621147155,0.6831457257270813,0.8937711834907531,0.7509708285331727,0.5582245111465454,0.7584006905555725,0.9203519821166992,0.7556173205375671,0.57924382686615,0.7728491425514221,0.8676222443580628,0.7852707386016846,0.49862089157104494,0.7783628463745117,45.0
157.96599999999998,176.878,38.838,139.21599999999998,151.46800000000002,99.544,131.78199999999998,99.46400000000001,0.7017025470733642,0.5576092362403869,0.6131712198257446,0.532260262966156,0.7430416464805603,0.6108147025108337,0.5673299789428711,0.4967191517353058,0.7555888056755066,0.6551142930984497,0.5121939420700073,0.45861910581588744,0.7631110668182373,0.6712524890899658,0.49682827591896056,0.4476245939731598,0.7485187768936157,0.6738691568374634,0.49582998752593993,0.4451108694076538,0.7423293471336365,0.6682201027870178,0.5035915791988372,0.44928733706474305,0.7000451683998108,0.6534316062927246,0.6364591002464295,0.6475859999656677,0.7723094701766968,0.7202853322029114,0.5430701017379761,0.6832089304924012,0.8936842560768128,0.7510883569717407,0.5581383228302002,0.75837322473526,0.9204181671142578,0.7558153867721558,0.5791626334190368,0.7728763818740845,0.867052412033081,0.7855787992477417,0.4984361112117767,0.7783129215240479,46.0
157.724,176.302,39.188,140.064,151.75799999999998,99.296,131.518,99.80199999999999,0.7014958381652832,0.557455039024353,0.6139110684394836,0.5322417497634888,0.7429001212120057,0.6102439761161804,0.56924889087677,0.49602499008178713,0.7554776549339295,0.6545987248420715,0.5153649926185608,0.4578258037567139,0.7628971815109253,0.6707563877105713,0.5003404200077057,0.44693486094474794,0.748350727558136,0.6733479976654053,0.49933725595474243,0.44443986415863035,0.7422083377838135,0.6676495432853699,0.507146418094635,0.4485105872154236,0.6996850848197937,0.6534990549087525,0.6363753914833069,0.6476556181907653,0.7721644639968872,0.720145320892334,0.5427509188652039,0.6832453846931458,0.8935885787010193,0.751222038269043,0.5580530762672424,0.7583366990089416,0.9204040408134461,0.7559700012207031,0.57908536195755,0.7728944659233093,0.8665833950042725,0.7859394431114197,0.49813445210456847,0.7782552003860473,47.0
157.44400000000002,175.86999999999998,39.298,140.83800000000002,152.032,98.998,131.32399999999998,100.09400000000001,0.7013744354248047,0.5574486970901489,0.6147404074668884,0.5322759032249451,0.742790949344635,0.6101329922676086,0.5711699724197388,0.4954480409622192,0.7552184581756591,0.6545995235443115,0.5183292269706726,0.4569411039352417,0.7624238014221192,0.6706643104553223,0.5035078167915344,0.44622119665145876,0.7479261875152587,0.6732608318328858,0.5025804996490478,0.4436904013156891,0.7418710231781006,0.667540991306305,0.5104321241378784,0.4476702570915222,0.6994863510131836,0.6535964608192444,0.6363919019699097,0.6477619290351868,0.7721060872077942,0.7200229644775391,0.5424610018730164,0.6832727313041687,0.8935876846313476,0.7513953566551208,0.5580155611038208,0.7583060741424561,0.920454478263855,0.756203806400299,0.5790974259376526,0.772904896736145,0.8661280989646911,0.7861855387687683,0.49785041213035586,0.7781949400901794,48.0
157.022,175.852,39.544,141.14000000000001,152.38000000000002,98.674,130.988,100.452,0.7012138605117798,0.5573915839195251,0.6156993985176087,0.5323203802108765,0.7426881432533264,0.6099141478538513,0.5727763295173645,0.49504960179328916,0.7549163579940796,0.6545638680458069,0.5208844900131225,0.4562022864818573,0.7619547247886658,0.670526134967804,0.5064554929733276,0.44571624994277953,0.7475306272506714,0.673118257522583,0.505657821893692,0.44313510656356814,0.7415322184562683,0.667398190498352,0.5132473230361938,0.447026664018631,0.6991169214248657,0.653715717792511,0.6364039540290832,0.6478621244430542,0.7720024466514588,0.7198830842971802,0.5421601176261902,0.6833012700080872,0.8936395525932312,0.7515991449356079,0.5580071449279785,0.7582757234573364,0.9205044627189636,0.7564125061035156,0.5791698455810547,0.7728940486907959,0.8657506704330444,0.7864494085311889,0.4976624667644501,0.7781455755233765,49.0
156.632,175.808,39.75000000000001,141.442,152.712,98.44800000000001,130.714,100.886,0.701051139831543,0.5573477149009705,0.6167473912239074,0.532376766204834,0.7426031112670899,0.6097278594970703,0.5746831893920898,0.4948175668716431,0.7546471953392029,0.6545081853866577,0.5237587809562683,0.4556348085403442,0.7614871621131897,0.6703825235366822,0.5098085165023803,0.44540972709655763,0.7470908641815186,0.6729635119438171,0.5090397715568542,0.4427544116973877,0.7411823987960815,0.6672430038452148,0.5163605570793152,0.44657180905342103,0.6988165259361268,0.6538519263267517,0.6364244937896728,0.6479281783103943,0.7719009160995484,0.7197480916976928,0.5419472813606262,0.683342182636261,0.8936516761779785,0.7518080234527588,0.5580174088478088,0.7582989931106567,0.9205133080482483,0.7566598534584046,0.5792950034141541,0.7729447364807129,0.8656319975852966,0.7867160320281983,0.49755358695983887,0.7781876444816589,50.0
156.24,175.55599999999998,39.940000000000005,141.808,153.026,98.28,130.44400000000002,101.312,0.7009088039398194,0.5573533415794373,0.6177835464477539,0.5324656724929809,0.7425699949264526,0.6096589684486389,0.5769209861755371,0.4948702216148376,0.7544180035591126,0.6545758366584777,0.5264230012893677,0.45516289472579957,0.761089539527893,0.6703978657722474,0.5126831412315369,0.4452449202537537,0.7466628909111023,0.6729114770889282,0.5119669198989868,0.4425890028476715,0.7408487439155579,0.6671935319900513,0.5191130757331848,0.4463261067867279,0.6985424280166626,0.653993558883667,0.6364420890808106,0.64798504114151,0.7718684554100037,0.7196617007255555,0.5418025970458984,0.6833433747291565,0.893663489818573,0.7520063400268555,0.558022964000702,0.7583284854888916,0.9204804301261902,0.7568662881851196,0.5793884873390198,0.7730019211769104,0.8655391812324524,0.786858880519867,0.49744479060173036,0.7782352924346924,51.0
155.946,175.602,40.1,141.928,153.244,98.148,130.25,101.72,0.700774884223938,0.5573587656021118,0.6187661528587342,0.5325512528419495,0.7425419807434082,0.6095996379852295,0.5785799384117126,0.4948050916194916,0.7542616486549377,0.6546317100524902,0.5286576986312866,0.45464029908180237,0.7608045935630798,0.6704820036888123,0.5151050567626954,0.4450943887233734,0.7463137030601501,0.6729665040969849,0.5144288182258606,0.4423631846904755,0.7405766606330871,0.667217218875885,0.5214414596557617,0.4460464775562286,0.6983157277107239,0.654103422164917,0.6364556789398194,0.6480554342269897,0.7718353152275086,0.7196197032928466,0.541707706451416,0.6833419442176819,0.8936965823173523,0.7521565318107605,0.5580338120460511,0.7583582043647766,0.9204620718955994,0.7570365309715271,0.5794975876808166,0.7730586767196655,0.8655411243438721,0.7868142127990723,0.49744688868522646,0.7782896757125854,52.0
155.826,175.50799999999998,40.18,141.702,153.432,98.03599999999999,130.17199999999997,102.272,0.700647497177124,0.5573334932327271,0.6199972867965698,0.5325594902038574,0.7425540804862976,0.6095312356948852,0.5802729010581971,0.49475862383842467,0.7542962312698365,0.6546595811843872,0.5306166887283326,0.4544056117534637,0.7607625722885132,0.6705666303634643,0.5172164797782898,0.4450413942337036,0.7462245345115661,0.6729926109313965,0.5165572881698608,0.44227052927017213,0.740532124042511,0.6672086715698242,0.5233544111251831,0.4459412157535553,0.698243248462677,0.6542579293251037,0.6364664196968078,0.6481271982192993,0.7718463778495789,0.7195882558822632,0.5416767120361328,0.6833437085151672,0.8937206745147706,0.752301037311554,0.5581208944320679,0.7584779858589172,0.9204354047775268,0.7571792125701904,0.5797506928443908,0.7732547521591187,0.8655781984329224,0.7867847323417664,0.4974498629570007,0.7784124970436096,53.0
155.845,175.17499999999998,40.1925,141.7975,153.48250000000002,98.01249999999999,130.2,102.525,0.7006006091833115,0.5573503226041794,0.6205612123012543,0.5325868278741837,0.7425669580698013,0.6094997972249985,0.5813431739807129,0.49477533996105194,0.7543907761573792,0.6546670943498611,0.5316484868526459,0.4543427675962448,0.760759100317955,0.6706063896417618,0.5182002633810043,0.44502092897892,0.7462086081504822,0.6729971915483475,0.5174438655376434,0.4422450661659241,0.7405606955289841,0.6671980023384094,0.5242545306682587,0.44592801481485367,0.6982851475477219,0.6543322503566742,0.6364715695381165,0.6481607407331467,0.7718544751405716,0.7195762544870377,0.5416721552610397,0.6833447068929672,0.8937134444713593,0.7523430287837982,0.5581354051828384,0.7585368156433105,0.9204007238149643,0.75724858045578,0.5798439383506775,0.7733521014451981,0.8655593544244766,0.7867686301469803,0.4974450618028641,0.7784904688596725,53.5
155.80333333333334,174.90666666666664,40.19,141.79666666666665,153.52666666666667,97.95666666666665,130.23999999999998,102.77333333333333,0.7005568742752075,0.5573768218358358,0.6211312611897787,0.5326089262962341,0.7425806721051534,0.6094900965690613,0.5822551846504211,0.49476102987925213,0.7544288436571757,0.6547030607859293,0.5324388345082601,0.4542176028092702,0.760748545328776,0.670680562655131,0.5188697775204977,0.444943646589915,0.746165951093038,0.6730237007141113,0.5181056459744772,0.44219130277633667,0.7405353387196859,0.6672006050745646,0.5249362190564474,0.4458971818288167,0.6983428994814554,0.6543954014778137,0.6364757617314657,0.6482039292653402,0.7718939979871114,0.719574769337972,0.5416513085365295,0.6833424170811971,0.8937530318895975,0.7523905634880066,0.5581590135892233,0.7585764527320862,0.920422633488973,0.7573009729385376,0.5799119671185812,0.7734109958012899,0.8656137386957804,0.7867527008056641,0.4974375069141388,0.778516411781311,54.0
